{"cameraMode":{"drawMode":0,"name":"Shaded","section":"Shading Mode"},"sceneLighting":false,"audioPlay":false,"sceneViewState":{"m_AlwaysRefresh":false,"showFog":true,"showSkybox":false,"showFlares":true,"showImageEffects":true,"showParticleSystems":true,"showVisualEffectGraphs":true,"m_FxEnabled":true},"in2DMode":false,"pivot":{"x":0.6668206453323364,"y":1.2323834896087647,"z":-1.5261614322662354},"rotation":{"x":0.022126847878098489,"y":-0.9776179790496826,"z":0.15917083621025086,"w":0.1359027475118637},"size":0.9520581364631653,"orthographic":false}